<dal name="com.dal.test">
    <databaseSets>
        <databaseSet name="MySqlSimpleDbTableShard" provider="mySqlProvider"
            shardingStrategy="class=com.ctrip.platform.dal.dao.strategy.ShardColModShardStrategy;columns=CountryID;mod=2;tableColumns=CityID;tableMod=4;separator=_;shardedTables=person">
            <add name="dal_shard_0" databaseType="Master" sharding="0" connectionString="dal_shard_0"/>   
            <add name="dal_shard_1" databaseType="Master" sharding="1" connectionString="dal_shard_1"/>   
        </databaseSet>
        <databaseSet name="MySqlSimpleDbShard" provider="mySqlProvider"
            shardingStrategy="class=com.ctrip.platform.dal.dao.strategy.ShardColModShardStrategy;columns=CountryID;mod=2">
            <add name="dal_shard_0" databaseType="Master" sharding="0" connectionString="dal_shard_0"/>   
            <add name="dal_shard_1" databaseType="Master" sharding="1" connectionString="dal_shard_1"/>   
        </databaseSet>
    </databaseSets>
</dal>
